{
  "experiment_comparison": {
    "self_debug_cfg": {
      "total_tasks": 164,
      "success_count": 126,
      "failure_count": 38,
      "success_rate": 0.7682926829268293
    },
    "direct_llm_fix": {
      "total_tasks": 164,
      "success_count": 130,
      "failure_count": 34,
      "success_rate": 0.7926829268292683
    }
  },
  "failure_analysis": {
    "both_methods_failed": {
      "count": 17,
      "percentage": 10.365853658536585,
      "task_ids": [
        "28",
        "54",
        "64",
        "74",
        "83",
        "91",
        "113",
        "115",
        "120",
        "124",
        "125",
        "130",
        "132",
        "140",
        "145",
        "154",
        "163"
      ],
      "description": "Both self-debug and direct-fix failed on these tasks"
    },
    "self_debug_only_failed": {
      "count": 21,
      "percentage": 12.804878048780488,
      "task_ids": [
        "32",
        "68",
        "69",
        "77",
        "87",
        "93",
        "96",
        "100",
        "101",
        "108",
        "111",
        "116",
        "123",
        "127",
        "129",
        "135",
        "143",
        "149",
        "151",
        "157",
        "159"
      ],
      "description": "Only self-debug failed, direct-fix succeeded"
    },
    "direct_fix_only_failed": {
      "count": 17,
      "percentage": 10.365853658536585,
      "task_ids": [
        "0",
        "1",
        "4",
        "5",
        "6",
        "7",
        "8",
        "9",
        "12",
        "14",
        "20",
        "21",
        "22",
        "26",
        "29",
        "109",
        "134"
      ],
      "description": "Only direct-fix failed, self-debug succeeded"
    },
    "both_methods_succeeded": {
      "count": 109,
      "percentage": 66.46341463414635,
      "task_ids": [
        "2",
        "3",
        "10",
        "11",
        "13",
        "15",
        "16",
        "17",
        "18",
        "19",
        "23",
        "24",
        "25",
        "27",
        "30",
        "31",
        "33",
        "34",
        "35",
        "36",
        "37",
        "38",
        "39",
        "40",
        "41",
        "42",
        "43",
        "44",
        "45",
        "46",
        "47",
        "48",
        "49",
        "50",
        "51",
        "52",
        "53",
        "55",
        "56",
        "57",
        "58",
        "59",
        "60",
        "61",
        "62",
        "63",
        "65",
        "66",
        "67",
        "70",
        "71",
        "72",
        "73",
        "75",
        "76",
        "78",
        "79",
        "80",
        "81",
        "82",
        "84",
        "85",
        "86",
        "88",
        "89",
        "90",
        "92",
        "94",
        "95",
        "97",
        "98",
        "99",
        "102",
        "103",
        "104",
        "105",
        "106",
        "107",
        "110",
        "112",
        "114",
        "117",
        "118",
        "119",
        "121",
        "122",
        "126",
        "128",
        "131",
        "133",
        "136",
        "137",
        "138",
        "139",
        "141",
        "142",
        "144",
        "146",
        "147",
        "148",
        "150",
        "152",
        "153",
        "155",
        "156",
        "158",
        "160",
        "161",
        "162"
      ],
      "description": "Both methods succeeded on these tasks"
    }
  },
  "insights": {
    "self_debug_advantage": {
      "count": 17,
      "description": "Tasks where self-debug CFG approach outperformed direct LLM fix"
    },
    "direct_fix_advantage": {
      "count": 21,
      "description": "Tasks where direct LLM fix outperformed self-debug CFG approach"
    },
    "hardest_tasks": {
      "count": 17,
      "description": "Tasks that both methods failed to solve"
    }
  }
}